Model,TOPSIS Score
GPT-3.5 Turbo,0.7122074722871903
Mistral-7B,0.45884176908806557
BlenderBot 3,0.39206649071049576
T5 Dialogue,0.3659181795798543
DialoGPT,0.3526737056829038
